Name,Count
Test,8415
Random,1415
Aqua,1104
LinearAlgebra,984
Statistics,513
Documenter,504
DataFrames,465
Pkg,446
StaticArrays,394
SafeTestsets,389
Distributions,340
SparseArrays,318
ForwardDiff,307
StableRNGs,305
Plots,301
BenchmarkTools,289
Dates,275
CSV,244
Logging,239
TestItemRunner,223
JET,219
StatsBase,218
InteractiveUtils,206
Zygote,200
Unitful,197
DelimitedFiles,181
Printf,179
OffsetArrays,142
CUDA,138
Suppressor,125
SpecialFunctions,119
Distributed,116
Downloads,110
CairoMakie,110
OrdinaryDiffEq,109
JuMP,107
JSON,101
JuliaFormatter,101
Tables,97
FiniteDifferences,94
JLD2,89
Ipopt,88
Graphs,87
TestItems,85
FileIO,81
ChainRulesTestUtils,81
HiGHS,79
ReferenceTests,76
FFTW,75
Flux,71
ChainRulesCore,71
CategoricalArrays,70
JSON3,70
Markdown,68
FiniteDiff,68
Combinatorics,68
Revise,67
MLJBase,67
HTTP,65
DataStructures,65
Optim,63
ReverseDiff,61
Colors,61
TOML,60
TestImages,58
Serialization,57
ImageIO,56
ImageMagick,56
StructArrays,55
CompatHelperLocal,54
TestSetExtensions,52
Enzyme,51
Distances,51
Adapt,51
QuadGK,51
ExplicitImports,49
OrderedCollections,49
Makie,48
RDatasets,47
FillArrays,47
Coverage,47
GLPK,47
RecipesBase,46
PythonCall,45
MathOptInterface,44
Symbolics,43
UUIDs,43
ComponentArrays,42
PyCall,42
IntervalSets,41
CodecZlib,41
MPI,41
REPL,40
ColorTypes,40
KernelAbstractions,40
Parameters,40
LaTeXStrings,40
Sockets,39
Accessors,38
ReTestItems,38
Measurements,38
UnicodePlots,38
HDF5,38
Interpolations,37
HypothesisTests,37
Meshes,36
GeometryBasics,36
DifferentialEquations,34
GLM,34
SHA,34
POMDPModels,34
AbstractTrees,33
MacroTools,33
DoubleFloats,33
GLMakie,33
Rotations,33
LazyArtifacts,33
Optimisers,32
YAML,32
SCS,31
TimerOutputs,31
PrettyTables,31
NBInclude,30
TypedTables,29
FixedPointNumbers,29
Compat,29
Base64,29
ProgressMeter,29
TimeZones,29
Optimization,28
ModelingToolkit,28
MLJ,27
PDMats,27
RecursiveArrayTools,26
DifferentiationInterface,26
LogExpFunctions,25
MAT,25
Functors,25
Images,25
Polynomials,25
ADTypes,25
NLsolve,25
NCDatasets,25
DimensionalData,24
Literate,24
ColorSchemes,24
StatsModels,24
Tracker,24
ZipFile,24
OptimizationOptimJL,24
ArchGDAL,24
ImageCore,23
DynamicPolynomials,23
ReTest,23
CondaPkg,23
InverseFunctions,22
IOCapture,22
TestFunctionRunner,22
MCMCChains,22
DocStringExtensions,21
MLJTestInterface,21
PlutoUI,21
Dictionaries,21
IterativeSolvers,21
SQLite,21
ADNLPModels,21
LinearSolve,20
Lux,20
AxisArrays,20
FastGaussQuadrature,20
RCall,20
JLArrays,20
DecisionTree,19
StatsFuns,19
NonlinearSolve,19
Glob,19
Cbc,19
IterTools,19
Juniper,19
BandedMatrices,19
StatisticalMeasures,19
Reexport,19
Libdl,19
Conda,19
MLJDecisionTreeInterface,19
Preferences,18
PyPlot,18
MLDatasets,18
LoopVectorization,18
NLPModelsTest,18
BlockArrays,18
Turing,18
Pluto,18
StochasticDiffEq,18
ArrayInterface,17
AxisKeys,17
Jive,17
DSP,17
SciMLBase,17
TimeSeries,17
Profile,17
Roots,17
ImageFiltering,17
Setfield,17
LineSearches,17
HCubature,16
ArgParse,16
Krylov,16
ECOS,16
NLPModels,16
TestExtras,16
DataDeps,16
DiffEqBase,16
ImageTransformations,16
PowerSystems,16
Polyhedra,16
LogDensityProblems,16
MLJModels,15
MLUtils,15
StatsPlots,15
OrdinaryDiffEqTsit5,15
IntervalArithmetic,15
AMDGPU,15
DiffEqCallbacks,15
Quaternions,15
ITensors,15
VisualRegressionTests,15
JLD,15
Clustering,15
DataInterpolations,15
BioSequences,14
POMDPTools,14
WriteVTK,14
PlotlyJS,14
Sundials,14
Arrow,14
POMDPs,14
StructTypes,14
OnlineStats,14
Cairo,14
PowerSystemCaseBuilder,14
Artifacts,14
AbstractGPs,14
InfrastructureSystems,14
LoggingExtras,13
GeoTables,13
SteadyStateDiffEq,13
AbstractFFTs,13
UnPack,13
BSON,13
GenericLinearAlgebra,13
NNlib,13
MonteCarloMeasurements,13
SymbolicUtils,13
Catlab,13
LinearMaps,13
Metis,13
LibGit2,13
Convex,13
LiveServer,13
MetaGraphs,13
Scratch,13
DeepDiffs,13
AbstractMCMC,12
ClimaParams,12
Static,12
DistributionsAD,12
PerformanceTestTools,12
Hwloc,12
XLSX,12
TranscodingStreams,12
Tar,12
CoordinateTransformations,12
NearestNeighbors,12
EzXML,12
UnitfulAtomic,12
LogDensityProblemsAD,12
UnitfulAstro,12
ChangesOfVariables,12
GR,11
Thermodynamics,11
Missings,11
MultivariatePolynomials,11
DiffEqDevTools,11
AllocCheck,11
KrylovKit,11
MPIPreferences,11
LocalCoverage,11
GeoStatsBase,11
ImageQualityIndexes,11
PooledArrays,11
KernelFunctions,11
TimeStruct,11
Mooncake,11
Bijectors,11
LazySets,11
CoDa,11
DualNumbers,11
MLJModelInterface,11
InvertedIndices,10
GPUArrays,10
FormatSpecimens,10
ODEProblemLibrary,10
DocumenterCitations,10
PowerModels,10
MLStyle,10
XUnit,10
TestingUtilities,10
DocumenterInterLinks,10
GeoInterface,10
Calculus,10
cuDNN,10
AtomsBase,10
QuartzImageIO,10
SymEngine,10
MeshIO,10
Chain,10
MutableArithmetics,10
SciMLSensitivity,10
DomainSets,10
GeoJSON,10
MLJLinearModels,10
Compose,10
MultivariateStats,10
OrdinaryDiffEqRosenbrock,9
Clarabel,9
EnzymeTestUtils,9
ITensorMPS,9
NetCDF,9
URIs,9
Query,9
TaylorSeries,9
QuantumControlTestUtils,9
ScientificTypes,9
LabelledArrays,9
ClimaComms,9
DynamicalSystemsBase,9
ArraysOfArrays,9
ChainRules,9
Mmap,9
SymPy,9
KernelDensity,9
SharedArrays,9
TensorOperations,9
ElasticArrays,9
NetworkLayout,8
CSVFiles,8
Dagger,8
Cthulhu,8
PkgBenchmark,8
Transducers,8
PGFPlotsX,8
ArnoldiMethod,8
GZip,8
NLPModelsJuMP,8
AccessorsExtra,8
JSONSchema,8
ConstructionBase,8
RData,8
TestsForCodecPackages,8
EnergyModelsBase,8
Blink,8
DynamicPPL,8
MCMCDiagnosticTools,8
LinearOperators,8
DBInterface,8
BangBang,8
ColorVectorSpace,8
OptimizationNLopt,8
VectorizationBase,8
ClimaCore,8
CoordRefSystems,8
QuantumControl,8
DiffResults,8
ParameterizedFunctions,8
LightGraphs,8
Tullio,8
GLFW,8
DataAPI,8
Example,8
Cubature,8
Zarr,7
SuiteSparse,7
Triangulate,7
MethodOfLines,7
Pipe,7
MLDataDevices,7
BrokenRecord,7
TerminalLoggers,7
Quadmath,7
Strided,7
Crayons,7
AdvancedHMC,7
SimpleWeightedGraphs,7
OptimizationBBO,7
QuantumLattices,7
Formatting,7
DelayEmbeddings,7
LazyArrays,7
ImageMetadata,7
PowerNetworkMatrices,7
Hypatia,7
RestrictedBoltzmannMachines,7
TypedPolynomials,7
Clp,7
Variography,7
SymbolicIndexingInterface,7
Metal,7
SparseDiffTools,7
LLVM,7
EllipsisNotation,7
TransformVariables,7
NLPModelsIpopt,7
NLSolversBase,7
StructEquality,7
Weave,7
MatrixDepot,7
DelayDiffEq,7
GPUArraysCore,7
ExampleJuggler,7
Latexify,7
NPZ,7
EvoTrees,7
CDDLib,7
WGLMakie,7
PlotlyBase,7
ProximalOperators,7
MixedModels,7
CpuId,7
NLopt,7
Rasters,7
WignerSymbols,7
BlockBandedMatrices,7
SemialgebraicSets,7
SCIP,7
PowerSimulations,7
TetGen,7
Primes,7
ExtendableGrids,7
MatrixMarket,6
DataDrop,6
QuantumPropagators,6
DynamicHMC,6
NaNMath,6
SparseConnectivityTracer,6
Shapefile,6
Unicode,6
GPUCompiler,6
LightXML,6
Polyester,6
DataFramesMeta,6
OrdinaryDiffEqVerner,6
OptimizationProblems,6
ControlSystemsBase,6
InfiniteArrays,6
AWSS3,6
p7zip_jll,6
Extents,6
TwoQubitWeylChamber,6
Interact,6
GRAPE,6
CodecZstd,6
Requires,6
Observables,6
QuantumGradientGenerators,6
HomotopyContinuation,6
UnitfulAngles,6
MLBase,6
DocInventories,6
Term,6
RootSolvers,6
CodecBzip2,6
IJulia,6
KaHyPar,6
Manifolds,6
OMEinsum,6
GenericSchur,6
ImageShow,6
SimpleMock,6
Git,6
Krotov,6
AtomsBaseTesting,6
DynamicQuantities,6
DiskArrays,6
ModernGL,6
GeoMakie,6
PackageCompiler,6
MappedArrays,6
AWS,6
NamedArrays,6
HydroPowerSimulations,6
EnzymeCore,6
ControlPlots,6
FASTX,6
IndirectArrays,6
Luxor,6
AlgebraicMultigrid,5
OrdinaryDiffEqSDIRK,5
InitialValues,5
Observers,5
RollingFunctions,5
MadNLP,5
Unfold,5
IrrationalConstants,5
OrdinaryDiffEqNonlinearSolve,5
UnfoldSim,5
DotEnv,5
BioAlignments,5
StorageSystemsSimulations,5
TaijaData,5
TableTraits,5
CSDP,5
CloudMicrophysics,5
Gmsh,5
AlgebraOfGraphics,5
ImageMorphology,5
CRC32c,5
Dierckx,5
QuantumOptics,5
MLJFlux,5
Manopt,5
NonconvexIpopt,5
BFloat16s,5
ThreadsX,5
WebIO,5
Faker,5
ApproxFun,5
ImageGeoms,5
Chairmarks,5
TerminalRegressionTests,5
FinEtools,5
SARSOP,5
MeshArrays,5
SplitApplyCombine,5
FMIZoo,5
SimpleTraits,5
Mocking,5
TermInterface,5
Tulip,5
MLJXGBoostInterface,5
DictArrays,5
InlineStrings,5
RectiGrids,5
StarAlgebras,5
Kronecker,5
SolverTest,5
SurfaceFluxes,5
ChunkSplitters,5
SimplexGridFactory,5
LatticeUtilities,5
YAXArrays,5
Random123,5
ERFA,5
FastTransforms,5
StanSample,5
Nemo,5
Intervals,5
AdvancedMH,5
ACSets,5
DuckDB,5
Arpack,5
RobotDynamics,5
TableTransforms,5
POMDPLinter,5
Wavelets,5
NLPModelsModifiers,5
CodecXz,5
SolverCore,5
LuxLib,5
DocumenterTools,5
FunctionWrappers,5
NarrativeTest,5
EnergyModelsInvestments,5
ProgressLogging,5
MKL,5
AbstractDifferentiation,5
NaNStatistics,5
LsqFit,5
Match,5
Mustache,5
QuantumOpticsBase,5
AtomsBuilder,5
FITSIO,5
ModiaResult,5
BetaML,5
QPSReader,5
PythonPlot,5
FilePathsBase,5
FlexiJoins,5
Folds,5
DensityInterface,5
SPICE,4
Referenceables,4
Nettle,4
GeoDataFrames,4
LazyBroadcast,4
Catalyst,4
OneHotArrays,4
StaticArraysCore,4
PlantGraphs,4
StaticArrayInterface,4
FLoops,4
CTBase,4
ValueHistories,4
ArgCheck,4
StaticNumbers,4
JSMDInterfaces,4
Cuba,4
Infinities,4
StyledStrings,4
GeometricIntegrators,4
SymbolicRegression,4
BioStructures,4
MLJTuning,4
DynamicalSystems,4
MakieCore,4
MATLAB,4
RecursiveFactorization,4
OutlierDetectionTest,4
Pigeons,4
LRUCache,4
MeasureBase,4
TaylorModels,4
TimeseriesSurrogates,4
Integrals,4
Bonito,4
PkgJogger,4
Memoize,4
CFTime,4
QuantumClifford,4
TupleTools,4
Sobol,4
Minio,4
ScikitLearn,4
CounterfactualExplanations,4
ResearchSoftwareMetadata,4
NamedGraphs,4
LuxCUDA,4
PowerModelsDistribution,4
ComputationalResources,4
GraphsFlows,4
PALEOmodel,4
POMDPSimulators,4
LibGEOS,4
Jute,4
QuasiMonteCarlo,4
POMDPModelTools,4
DiscreteValueIteration,4
Supposition,4
GaussianProcesses,4
XAIBase,4
AbstractAlgebra,4
LuxTestUtils,4
MultiFloats,4
TiffImages,4
LazyGrids,4
LiterateTest,4
SkyCoords,4
CUDA_Runtime_jll,4
QHull,4
MultivariateBases,4
COSMO,4
OptimizationOptimisers,4
LocalRegistry,4
Lasso,4
ReadVTK,4
DispatchDoctor,4
LaplaceRedux,4
MINLPTests,4
Pardiso,4
OrdinaryDiffEqLowOrderRK,4
Format,4
ExproniconLite,4
JLLWrappers,4
RemoteFiles,4
PlantGeomPrimitives,4
SearchLight,4
Cropbox,4
CodecLz4,4
DelaunayTriangulation,4
ColorBrewer,4
Bumper,4
MarketData,4
ClimaTimeSteppers,4
SplittablesBase,4
GraphMakie,4
Gtk,4
DataManipulation,4
EnsembleKalmanProcesses,4
NFFT,4
AlgebraicPetri,4
TightBindingApproximation,4
OhMyThreads,4
MultiScaleTreeGraph,4
Gadfly,4
Bcube,4
NDTensors,4
GeoStatsModels,4
WeakRefStrings,4
Percival,4
DataValues,4
ReferenceFrameRotations,4
Tensors,4
MLJTestIntegration,4
LayeredLayouts,4
FlexiMaps,4
LogarithmicNumbers,4
LoadAllPackages,4
CompScienceMeshes,4
StringDistances,4
GeoFormatTypes,4
MLDataUtils,4
PairPlots,4
ImageDistances,4
GridVisualize,4
PrecompileTools,4
VegaDatasets,4
Proj,4
Reactant,4
MethodAnalysis,4
GATlab,3
DistributedArrays,3
ComradeBase,3
CUTEst,3
TestReports,3
TensorBoardLogger,3
RandomNumbers,3
ResumableFunctions,3
EarthSciData,3
IndexFunArrays,3
BoundaryValueDiffEq,3
AtomsIO,3
PlantGeomTurtle,3
Reel,3
MeasureTheory,3
TensorCast,3
UnsafeArrays,3
RasterDataSources,3
MetaGraphsNext,3
StridedViews,3
Arblib,3
TimeseriesTools,3
LBFGSB,3
NVTX,3
PreallocationTools,3
YAXArrayBase,3
OSQP,3
LogicCircuits,3
PartitionedArrays,3
EnergyModelsGeography,3
SplittablesTesting,3
StrideArraysCore,3
ImageBase,3
FileWatching,3
HyperDualNumbers,3
CellArrays,3
TrajectoryGamesBase,3
CxxWrap,3
PhyloNetworks,3
PoissonRandom,3
AxisIndices,3
SampledSignals,3
Gumbo,3
MultipleTesting,3
Serde,3
BitIntegers,3
GADM,3
NewickTree,3
ClassicalOrthogonalPolynomials,3
ComoniconTestUtils,3
WAV,3
LossFunctions,3
ScikitLearnBase,3
SymPyPythonCall,3
GraphPlot,3
NaiveNASflux,3
HeterogeneousComputing,3
Quantikz,3
IdentityRanges,3
QuadraticModels,3
LibPQ,3
AffineMaps,3
POMDPPolicies,3
IntervalConstraintProgramming,3
FunSQL,3
HypertextLiteral,3
PeriodicGraphs,3
SIMD,3
Bessels,3
GeoStatsFunctions,3
QuickTypes,3
NeutralLandscapes,3
StringViews,3
TidierData,3
CRC32,3
ProximalAlgorithms,3
PolyesterForwardDiff,3
BridgeStan,3
ConfigEnv,3
NamedDims,3
CoolProp,3
ArviZExampleData,3
Helium,3
Lehmann,3
UnionCollections,3
QuantumInterface,3
LambertW,3
LightGBM,3
FinanceCore,3
GraphViz,3
ArtifactWrappers,3
MultivariateMoments,3
JSExpr,3
Trixi,3
ConcreteStructs,3
NamedTupleTools,3
NanoDates,3
ValkyrieRobot,3
AttributeGraphs,3
FastBroadcast,3
TropicalNumbers,3
NaiveNASlib,3
ToeplitzMatrices,3
Jets,3
Octavian,3
BeliefUpdaters,3
SaferIntegers,3
Debugger,3
ScopedValues,3
RRTMGP,3
ImagePhantoms,3
LegendrePolynomials,3
PyFormattedStrings,3
VLBISkyModels,3
DynamicExpressions,3
QuickPOMDPs,3
OptimizationMOI,3
DiffTests,3
ElectroPhysiology,3
DiffEqNoiseProcess,3
Lazy,3
InputBuffers,3
NMF,3
MITgcm,3
ExactPredicates,3
Elliptic,3
SparseMatricesCSR,3
TrajectoryOptimization,3
OrdinaryDiffEqLowStorageRK,3
OrdinaryDiffEqBDF,3
VectorizedRNG,3
MarkdownAST,3
Uncertain,3
OptimTestProblems,3
WignerD,3
ShiftedArrays,3
AbstractStorage,3
ShowMethodTesting,3
MLJMultivariateStatsInterface,3
SoleData,3
MeshPlots,3
LuxorGraphPlot,3
PSFModels,3
GenericTensorNetworks,3
Soss,3
IndexedGraphs,3
CausalInference,3
MeshCat,3
oneAPI,3
ParametricOptInterface,3
Configurations,3
GeometricProblems,3
ParallelStencil,3
IncompleteLU,3
LuxCore,3
PowerFlows,3
PolygonOps,3
GeoStatsImages,3
MixedModelsSim,3
SentinelArrays,3
RobotZoo,3
RNGTest,3
GSL,3
JumpProcesses,3
SparseMatrixColorings,3
StaticTools,3
MbedTLS,3
GDAL,3
StatsAPI,3
Pyehtim,3
HerbCore,3
PhysiologyPlotting,3
DocumenterInventoryWritingBackport,3
AzSessions,3
JuliaInterpreter,3
Animations,3
SeeToDee,3
SQLCipher,3
SDEProblemLibrary,3
JSONFBCModels,3
Rocket,3
Future,3
Geodesy,3
ProfileView,3
Interfaces,3
CImGui,3
ImageInTerminal,3
Clapeyron,3
PlotlyLight,3
ClimaUtilities,3
ProblemReductions,3
Expokit,3
WCS,3
ThreadPools,3
IteratorInterfaceExtensions,3
DiffEqFlux,3
OrdinaryDiffEqDefault,3
Diffractor,3
SphericalHarmonicModes,3
ComplexityMeasures,3
StatsLearnModels,2
KrylovPreconditioners,2
TulipaIO,2
ExtendableSparse,2
MCIntegration,2
Pajarito,2
MIRTjim,2
HerbConstraints,2
NonlinearProblemLibrary,2
GRAPELinesearchAnalysis,2
Healpix,2
LaTeXEscapes,2
JSON2,2
AssociatedLegendrePolynomials,2
ProbNumDiffEq,2
Skipper,2
Ferrite,2
ExpressionTreeForge,2
ChainedFixes,2
ThreadPinning,2
Groups,2
PopGenCore,2
ProgressBars,2
ExtendableFEM,2
HalfIntegers,2
MLJGLMInterface,2
ITensorNetworks,2
MariaDB_Connector_C_jll,2
FLOWMath,2
FFMPEG,2
Metida,2
QMDP,2
OhMyREPL,2
OnlineStatsBase,2
ZipArchives,2
DataScienceTraits,2
ValueShapes,2
DateFormats,2
cuTENSOR,2
TSFrames,2
Imbalance,2
Metalhead,2
GeometricEquations,2
IfElse,2
DefaultApplication,2
PhysiologyAnalysis,2
RadiationDetectorSignals,2
JSOSolvers,2
OpenDSSDirect,2
Finch,2
MicroCollections,2
Electron,2
SpatialEcology,2
DataMigrations,2
SparseIR,2
SymRCM,2
FinEtoolsDeforLinear,2
GaussianDistributions,2
Caesar,2
OpenCV,2
CliqueTrees,2
ONNXRunTime,2
AmplNLWriter,2
MRISampling,2
DiffRules,2
Nonconvex,2
CloudBase,2
RegressionTests,2
GeoArrays,2
GenericSVD,2
CellListMap,2
RungeKutta,2
WorldOceanAtlasTools,2
FixedEffectModels,2
Stopping,2
Metadata,2
GRIBDatasets,2
Qaintessent,2
SyntaxTree,2
LatinHypercubeSampling,2
Climatology,2
SIAMFANLEquations,2
ExponentialUtilities,2
AbstractFBCModels,2
StructuralUnits,2
XAM,2
RuntimeGeneratedFunctions,2
OpenSSL_jll,2
ColumnSelectors,2
Deno_jll,2
NestedGraphs,2
Cloudy,2
TransformedLogDensities,2
IndexedTables,2
EndpointRanges,2
VectorSphericalHarmonics,2
VegaLite,2
LazyStack,2
CartesianGrids,2
VoronoiDelaunay,2
RipQP,2
TestLandscapes,2
Pickle,2
SupplyChainModeling,2
CTModels,2
DataGraphs,2
PlutoTest,2
TrajectoryGamesExamples,2
ExportAll,2
JpegTurbo,2
PATHSolver,2
SymmetricFormats,2
HYPRE,2
ImGuiTestEngine,2
LinearRegression,2
PDBTools,2
WannierIO,2
POMDPTesting,2
StaticCompiler,2
SphericalHarmonics,2
RequiredInterfaces,2
ProtoBuf,2
NearestNeighborModels,2
DayCounts,2
Memento,2
AutoDiffOperators,2
OptimizationMetaheuristics,2
Insolation,2
MuladdMacro,2
ExtendableFEMBase,2
KNITRO,2
FunctionChains,2
MathTeXEngine,2
Noise,2
AnovaGLM,2
NiaARM,2
FinSetsForCAP,2
PkgVersion,2
InferenceObjects,2
FrankWolfe,2
Infinity,2
PlyIO,2
Ipopt_jll,2
StochasticDelayDiffEq,2
DiffOpt,2
DisplayAs,2
OptimizationManopt,2
OteraEngine,2
RoundingIntegers,2
EasyConfig,2
MinFEM,2
PeriodicTable,2
Xorg_libxcb_jll,2
SciMLStructures,2
AbstractPPL,2
YaoArrayRegister,2
VT100,2
Inflate,2
PositiveFactorizations,2
Parsers,2
GLPKMathProgInterface,2
HerbSpecification,2
QSM,2
PropCheck,2
COBREXA,2
Gtk4,2
Yao,2
CodecBase,2
HybridSystems,2
HypercubeTransform,2
QuantitativeSusceptibilityMappingTGV,2
MutableNamedTuples,2
TheoryOfGames,2
KiteModels,2
CPUSummary,2
SatelliteToolboxTransformations,2
DifferenceEquations,2
OpenCL,2
StatFiles,2
ImageDraw,2
MD5,2
NaturalEarth,2
BlockDiagonals,2
DataFrameMacros,2
LasIO,2
DataAugmentation,2
StandardizedRestrictedBoltzmannMachines,2
AutomationLabsIdentification,2
HerbGrammar,2
Knet,2
ImageAxes,2
CLIMAParameters,2
SummationByPartsOperators,2
FMI,2
ParameterHandling,2
Trapz,2
PSDMatrices,2
DatasetsCF,2
TiledIteration,2
VLBIImagePriors,2
MathematicalSystems,2
SparseVariables,2
StructEqualHash,2
PlayingCards,2
TreeRecipe,2
QUBODrivers,2
SOCRATESSingleColumnForcings,2
CTDirect,2
InterferometricModels,2
MetaTesting,2
Tempo,2
ConstraintTrees,2
RadonKA,2
ShiftedProximalOperators,2
JSONTables,2
KitePodModels,2
PrettyPrint,2
FilePaths,2
TableTraitsUtils,2
JetPack,2
ParameterSchedulers,2
SparseMatricesCOO,2
BlackBoxOptimizationBenchmarking,2
ArbNumerics,2
FeynmanDiagram,2
SimpleChains,2
SimpleGraphs,2
pocl_jll,2
TensorKit,2
JavaCall,2
SimpleBufferStream,2
SpineInterface,2
ThreadingUtilities,2
StateSpaceSets,2
ManualMemory,2
CodecZlibNG,2
DirectedAcyclicGraphs,2
ExtendedDates,2
CatIndices,2
NLPModelsKnitro,2
QueryTables,2
SumOfSquares,2
CommonRLSpaces,2
MadNLPTests,2
CrystalInfoFramework,2
CovarianceEstimation,2
WrappedMultiGraphs,2
ArrayLayouts,2
FromFile,2
GeometryTypes,2
AWSTools,2
PlutoLinks,2
MLJClusteringInterface,2
AMGCLWrap,2
SampleChainsDynamicHMC,2
FlexiGroups,2
TupleVectors,2
AdvancedVI,2
JSMDUtils,2
FourierTools,2
AxisKeysExtra,2
PlanningDomains,2
HerbInterpret,2
DAEProblemLibrary,2
PkgDependency,2
KLU,2
ModelingToolkitStandardLibrary,2
Gurobi,2
CameraModels,2
ImplicitIntegration,2
ImageQuilting,2
Peaks,2
PosDefManifold,2
TableOperations,2
SpatialIndexing,2
ExponentialFamilyProjection,2
MLJLIBSVMInterface,2
Laplacians,2
MLJScikitLearnInterface,2
AlgebraicDynamics,2
PlantSimEngine,2
MySQL,2
PlotlyKaleido,2
Gridap,2
AdaptivePredicates,2
TestReadme,2
Dynesty,2
XMLDict,2
Maybe,2
JLSO,2
QBase,2
BSplineKit,2
ProbabilisticCircuits,2
CompositeGrids,2
AtmosphericProfilesLibrary,2
CausalTables,2
MiniQhull,2
SyncBarriers,2
AMD,2
SemiseparableMatrices,2
PolyJuMP,2
QUBOTools,2
OrdinaryDiffEqSSPRK,2
LeastSquaresOptim,2
Empirikos,2
ASEconvert,2
ProfileCanvas,2
DocumenterMarkdown,2
GitHub,2
PlutoStaticHTML,2
Chemfiles,2
LinearMapsAA,2
DiffEqProblemLibrary,2
GRIB,2
FinEtoolsFlexStructures,2
Agents,2
MemPool,2
SimpleUnPack,2
ROCAnalysis,2
Infiltrator,2
RobotOS,2
DiagrammaticEquations,2
Spglib,2
AtomsCalculators,2
CalcephEphemeris,2
PosteriorDB,2
ImageUtils,2
LLSModels,2
TestContexts,2
ILUZero,2
FastDifferentiation,2
Bibliography,2
SimradEK60TestData,2
Pavito,2
PaddedViews,2
NodeCall,2
Braket,2
PythonOT,2
DataPipes,2
PlantMeteo,2
GenomicFeatures,2
FMIImport,2
CheckConcreteStructs,2
PProf,2
MRISimulation,2
DDEProblemLibrary,2
BVProblemLibrary,2
Try,2
Quaternionic,2
ExaPF,2
LibSndFile,2
TopOpt,2
QuackIO,2
Waveforms,2
SmallZarrGroups,2
IncompressibleNavierStokes,2
TikzPictures,2
ControlSystems,2
Genie,2
Exodus,2
DecFP,2
PlantRayTracer,2
ArrowTypes,2
PolynomialRoots,2
PhysicalConstants,2
GeneticVariantBase,2
IniFile,2
QuantumStateBase,2
SetProg,2
LDLFactorizations,2
TextEncodeBase,2
LIBSVM,2
Libz,2
ActionModels,2
PowerAnalytics,2
Porcupine,1
FlatBuffers,1
Enzyme_jll,1
GeometricMachineLearning,1
WildcardArrays,1
PowerDynOperationPoint,1
SingleCell10x,1
ManifoldGroupTesting,1
ParallelKMeans,1
ObservationSchemes,1
XKeyboard,1
SimpleSolvers,1
QuantumStateDistributions,1
PlutoVista,1
HyperVoronoiDelaunay,1
Dualization,1
IERSConventions,1
SubSIt,1
PGLib,1
BitBasis,1
CSyntax,1
Git_jll,1
OliveHighlighters,1
MQTTClient,1
PotentialFlow,1
SuiteSparseMatrixCollection,1
GraphIO,1
TidierText,1
YaoExtensions,1
RegNets,1
MolecularTopologies,1
MINPACK,1
Tar_jll,1
sshpass_jll,1
EinExprs,1
MonteCarloMarkovKernels,1
LIBSVMFileIO,1
FMISensitivity,1
Algames,1
ManifoldLearning,1
EoSSuperancillaries,1
HMRowUnification,1
CALCEPH,1
Netpbm,1
PowerGraphics,1
TidyTest,1
Photometry,1
SpatialDatasets,1
DifferentiableFlatten,1
ZfpCompression,1
DirectSum,1
ChowLiuTrees,1
NeuralClosure,1
CoNCMOR,1
ITensorUnicodePlots,1
NiLang,1
UTCDateTimes,1
UnitCommitment,1
spglib_jll,1
OMJulia,1
CodecInflate64,1
FinancialToolbox,1
PGFPlots,1
NaturalNeighbours,1
Inti,1
SauterSchwabQuadrature,1
PromptingTools,1
PropertyFunctions,1
Normalization,1
BasicTreePlots,1
CUSOLVERRF,1
RigidBodyTreeInspector,1
demumble_jll,1
PlutoSliderServer,1
YaoBlocks,1
ImmersedLayers,1
PyGDatasets,1
ManagedLoops,1
DifferentiableFrankWolfe,1
Pio3d,1
SciMLNLSolve,1
NEO_jll,1
OptimKit,1
QOI,1
AzStorage,1
Stheno,1
ITensorGPU,1
JuliaSyntax,1
Lerche,1
BEAST,1
RecordArrays,1
Groebner,1
Associations,1
MGVI,1
AcousticMetrics,1
VectorizedReduction,1
TimeseriesFeatures,1
SumTypes,1
CommonMark,1
Dionysos,1
DiskArrayTools,1
ITensorGaussianMPS,1
Herb,1
BusinessDays,1
Hankel,1
CvxCompress,1
Gzip_jll,1
H3,1
ACE1,1
HarmonicBalance,1
AIBECS,1
OpenQASM,1
UnfoldMakie,1
PointEstimateMethod,1
AbstractOperators,1
FMM2D,1
TraceFuns,1
SiennaPRASInterface,1
MathProgBase,1
Effects,1
RadialBasisFunctionModels,1
KangarooTwelve,1
MatrixNetworks,1
AWSCRT,1
BGEN,1
Ratios,1
PkgAuthentication,1
CryptoSignatures,1
Pandas,1
LocalProjections,1
EarthDataLab,1
Vcov,1
PoissonSolvers,1
JDQMCFramework,1
LazyBandedMatrices,1
ArtifactUtils,1
FeatureTransforms,1
SimpleDiffEq,1
protoc_jll,1
HaltonSequences,1
MatrixFactorizations,1
CatBoost,1
PlutoHooks,1
Kaleido_jll,1
GridCreation,1
SyntacticModels,1
QuantumInfo,1
Bukdu,1
UnfoldStats,1
AbstractNFFTs,1
AstroAngles,1
ManifoldDiff,1
PrimitiveOneHot,1
NeighbourLists,1
XML,1
SkyDomes,1
ModalDecisionTrees,1
OMOPCDMCohortCreator,1
DynamicIterators,1
BenchmarkProfiles,1
libpicosat_jll,1
QuanticsGrids,1
SMC,1
UnROOT,1
ReinforcementLearning,1
FiniteVolumeMethod,1
SpinWaveTheory,1
Namtso,1
LocalFunctionApproximation,1
BitSetTuples,1
ConfidenceBands,1
Globtim,1
TruncatedGaussianMixtures,1
MultiUAVDelivery,1
MeshCore,1
LinearOperatorCollection,1
MPIClusterManagers,1
VNGraphs,1
Ai4EComponentLib,1
ThreadTools,1
UnderwaterAcoustics,1
FractionalTransforms,1
FoldsCUDA,1
Traceur,1
Xpress_jll,1
CircuitModelZoo,1
VLBILikelihoods,1
XPORTA,1
SymbolicAnalysis,1
BDisposal,1
GattinoPleths,1
QRCoders,1
SHTOOLS,1
SchattenNorms,1
PalmerPenguins,1
BaseType,1
Mill,1
GraphDynamics,1
MultiComponentFlash,1
Snowball,1
GPLikelihoods,1
SymmetryReduceBZ,1
ShunnHamQuadrature,1
FFTW_jll,1
OpenSpecFun_jll,1
SpecialMatrices,1
StrideArrays,1
RandomQuantum,1
Discretizers,1
AMGX,1
CommonSolve,1
ConstraintProgrammingExtensions,1
WidthLimitedIO,1
MeanSquaredDisplacement,1
TaijaPlotting,1
AMDGPUnative,1
AlgebraicRelations,1
StippleKeplerGL,1
FastCholesky,1
IntegerMathUtils,1
InternedStrings,1
MultilayerGraphs,1
BulkLMM,1
ExpectationStubs,1
FINUFFT,1
BasicInterpolators,1
ARFIMA,1
DataPipeline,1
NestedTests,1
MultiAgentSysAdmin,1
HOHQMesh,1
MatrixProfile,1
Flowstar,1
SolverBenchmark,1
ITensorParallel,1
NormalizingFlows,1
ShortcutClient,1
MRIFiles,1
SSMProblems,1
NLSProblems,1
QuantumSavory,1
AxisArrayTables,1
InfiniteRandomArrays,1
InteractBase,1
LIKWID,1
CryptoMiniSat_jll,1
ModelConstructors,1
BATTestCases,1
BoundaryValueDiffEqAscher,1
EwaldSummations,1
NBodySimulator,1
RewriteTools,1
Kaleido,1
JDF,1
ReachabilityBase,1
MultiplesOfPi,1
LegendDataTypes,1
KahanSummation,1
LinearInterpolators,1
FinEtoolsDDMethods,1
ManifoldsBase,1
Garlic,1
CircularArrays,1
OpenAI,1
Plugins,1
TransformsBase,1
DeterminantalPointProcesses,1
NeXLCore,1
OpenPolicyAgent_jll,1
SimplexCellLists,1
AdaptiveResonance,1
FdeSolver,1
AirfoilDatabase,1
z3_jll,1
WeightedOnlineStats,1
SankeyPlots,1
MathOptSetDistances,1
SpineOpt,1
AdvancedPS,1
Fourier,1
SpeciesDistributionToolkit,1
TimeAxes,1
TreeViews,1
ConformalPrediction,1
CodeInfoTools,1
BaytesDiff,1
SBMLFBCModels,1
Simplices,1
PiGPIO,1
GeneralizedPhase,1
DocumenterLaTeX,1
FMM3D,1
InferenceReport,1
RegularizedLeastSquares,1
TransferFunctions,1
NonconvexUtils,1
SortTileRecursiveTree,1
RoboDojo,1
GraphNeuralNetworks,1
TypeParameterAccessors,1
Contour,1
MLJText,1
SyntaxInterface,1
FLAC_jll,1
InitialMassFunctions,1
ClimaCoreTempestRemap,1
Antique,1
ImageContrastAdjustment,1
CoverageTools,1
TypeStability,1
SortingLab,1
DensityRatioEstimation,1
PlutoExtras,1
OrdinaryDiffEqCore,1
Overpass,1
FMIBuild,1
TestHandcalcFunctions,1
TensorMarket,1
PowerModelsInterface,1
CCBlade,1
LinearMixingModels,1
GeneralizedGaussianQuadrature,1
Memoization,1
FlatGeobuf,1
SimpleCrystals,1
TanayLabUtilities,1
RandomizedLinAlg,1
MCMCTesting,1
Syslogs,1
TimeSpans,1
TextParse,1
ParameterizedQuantumControl,1
QRDecoders,1
Semirings,1
SentinelViews,1
LoggingPolyglot,1
Darknet,1
Tau,1
MarkovKernels,1
DifferentiationInterfaceTest,1
EmpiricalDistributions,1
Graphviz_jll,1
Fontconfig,1
RedClust,1
WhyNotEqual,1
StructureFunctions,1
FletcherPenaltySolver,1
Fetch,1
SpeedMapping,1
ImplicitDifferentiation,1
NullBroadcasts,1
GreenFunc,1
SatelliteToolboxGravityModels,1
MultiObjectiveAlgorithms,1
EnergyModelsRenewableProducers,1
GIRFReco,1
MLJIteration,1
Mendeleev,1
NonlinearTestProblems,1
PtrArrays,1
KeplerGL,1
Comonicon,1
ProperOrthogonalDecomposition,1
MriResearchTools,1
BiochemNetABC,1
OneRule,1
CartesianCategories,1
PhysicalMeshes,1
DataTools,1
RobustModels,1
ManoptExamples,1
PlotThemes,1
ConstructionBaseExtras,1
QuadraticToBinary,1
ADOLC_jll,1
CalculusWithJulia,1
GasChem,1
MMTF,1
NativeFileDialog,1
MeshSteward,1
SBMLToolkitTestSuite,1
Temporal,1
PowerSystemsMaps,1
InlineTest,1
SLEEF_jll,1
Spotify,1
LowRankApprox,1
VectorInterface,1
IntervalMDP,1
BcdiTrad,1
MathOptPresolve,1
Patchelf_jll,1
OptimizationGCMAES,1
Graphics,1
StippleUI,1
TracyProfiler_jll,1
NeuralAttentionlib,1
Flexle,1
FreeType,1
NetworkDynamics,1
TrackingLoopFilters,1
RestrictedBoltzmannMachinesHDF5,1
BioMarkovChains,1
Gen,1
TSne,1
FastAlmostBandedMatrices,1
AstroPlot,1
Expronicon,1
CaNNOLeS,1
MLJNaiveBayesInterface,1
Seaborn,1
MosekTools,1
Libtask,1
Viznet,1
ZBar,1
ProximalBase,1
AdaptiveMCMC,1
EmpiricalPotentials,1
TableDistances,1
AtomsCalculatorsUtilities,1
OSMMakie,1
PALEOaqchem,1
MRIGradients,1
ApproxFunOrthogonalPolynomials,1
LeafGasExchange,1
FiniteHorizonGramians,1
ILog2,1
ToolipsSession,1
RegressionTables,1
GLMNet,1
MathLink,1
CURL_jll,1
CUDAKernels,1
AutomotiveVisualization,1
GridapGmsh,1
MEDYANSimRunner,1
ApplicationBuilderAppUtils,1
Remez,1
GarishPrint,1
ControlSystemIdentification,1
IMASutils,1
FerriteGmsh,1
ExaTron,1
ChebyshevTransforms,1
PhyloTrees,1
MixedModelsPermutations,1
DiscriminativeCircuits,1
Casacore,1
GeneralizedGenerated,1
Typst_jll,1
UniqueVectors,1
NonlinearSolveFirstOrder,1
LoggingFormats,1
TileProviders,1
RegressionDynamicCausalModeling,1
KomaMRI,1
TimesDates,1
ClimaCalibrate,1
Cleaner,1
SIRUS,1
ITensorTDVP,1
Ephemerides,1
PartialFunctions,1
ApproximateGPs,1
GroupsCore,1
Languages,1
ConcurrentSim,1
FlightSims,1
NumericalIntegration,1
PartitionedMPSs,1
DataLoaders,1
DaggerImageReconstruction,1
UnsafeAtomics,1
ConcurrentCollections,1
LibraryAugmentedSymbolicRegression,1
WooldridgeDatasets,1
Oceananigans,1
IndexedFactorGraphs,1
FixedPointDecimals,1
SBML,1
TaskLocalValues,1
HealthSampleData,1
DRSOM,1
RvSpectMLBase,1
Unidecode,1
IntelVectorMath,1
ExtraFun,1
AstroIO,1
ODEInterface,1
Procrastinate,1
SymbolicWedderburn,1
DiffusionDefinition,1
UnitTestDesign,1
PicoSAT_jll,1
ClimaReproducibilityTests,1
ArrayPadding,1
LazIO,1
LCOrbits,1
OrdinaryDiffEqHighOrderRK,1
PALEOocean,1
Phylo,1
MLFlowClient,1
CIndices,1
ClimaLand,1
SoapyLoopback_jll,1
OptimizationPRIMA,1
FFMPEG_jll,1
IntervalOptimisation,1
SamplingRB,1
GaussQuadrature,1
OrdinaryDiffEqFeagin,1
ClimaInterpolations,1
Underscores,1
ClimaCorePlots,1
LLD_jll,1
MMG_jll,1
Munkres,1
BetterInputFiles,1
NeXLUncertainties,1
AstroTime,1
LibSpatialIndex,1
TypeTree,1
DLPack,1
FittedItemBanks,1
Eikonal,1
CubicSplines,1
Vlasiator,1
MIPLearn,1
Olive,1
BilevelJuMP,1
ImageView,1
NestedGraphMakie,1
NeuroTreeModels,1
Stipple,1
MLDataPattern,1
DCISolver,1
MissingStrategies,1
MibS_jll,1
KiteViewers,1
CorrelationTrackers,1
RangeEnclosures,1
ParametricMCPs,1
Lathe,1
RELOG,1
AffineArithmetic,1
MetalSurfaceImpedance,1
NonconvexBayesian,1
CombinatorialSpaces,1
ProximalCore,1
GridGraphs,1
IntervalMatrices,1
PatternFolds,1
Gattino,1
PEG,1
Flatten,1
BellScenario,1
MatrixPencils,1
Trajectories,1
QuantEcon,1
HSL,1
RegistryInstances,1
PNGFiles,1
LLVM_jll,1
DensityEstimationDatasets,1
FixedEffects,1
BPGates,1
ComplexRegions,1
OdsIO,1
QuadraticKalman,1
QMCGenerators,1
MacroUtilities,1
Feather,1
PeaceCypher,1
GasChromatographySimulator,1
NLSolvers,1
CGAL,1
MathOptSymbolicAD,1
zrl_jll,1
TaylorIntegration,1
GeoParams,1
AbaqusReader,1
URIParser,1
BioCore,1
ArgMacros,1
PermutationGroups,1
TopoPlots,1
PowerSimulationsDynamics,1
BloqadeWaveforms,1
CEnum,1
UnitfulData,1
FixedPointAcceleration,1
MusicXML,1
NoveltyColors,1
Kalman,1
UProbes,1
TurbulenceConvection,1
IntervalBoxes,1
ZygoteRules,1
Tsunami,1
MCMCChainSummaries,1
DiffEqParamEstim,1
CassetteOverlay,1
SequenceVariation,1
FolderStorage,1
InteratomicPotentials,1
ConvexBodyProximityQueries,1
ToStruct,1
RobustMeans,1
PartialLeastSquaresRegressor,1
nauty_jll,1
CPUTime,1
SplittableRandoms,1
ColunaDemos,1
Defer,1
SphericalHarmonicArrays,1
MinFEMFlow,1
EponymTuples,1
AutoHashEquals,1
MLCore,1
PottsGauge,1
PyMNE,1
LinearDecisionRules,1
CICOBase,1
MRIReco,1
AgentsExampleZoo,1
MINDFul,1
ReachabilityAnalysis,1
Pango_jll,1
ClimaDiagnostics,1
FixedPolynomials,1
Acquisition,1
HMatrices,1
LaserTypes,1
BcdiCore,1
CUDA_Driver_jll,1
Wannier,1
StateSignals,1
Javis,1
TrixiParticles,1
Kroki,1
MPSKit,1
PrecompileSignatures,1
StratiGraphics,1
ClimaCoupler,1
LegibleLambdas,1
QuantumCitations,1
Einsum,1
ChemistryQuantitativeAnalysis,1
quarto_jll,1
ChangePrecision,1
Multigraphs,1
Float8s,1
AstroImages,1
Cliffords,1
ArrayInterfaceCore,1
ParserCombinator,1
XTermColors,1
GNSSSignals,1
QuasiEwald,1
RPRMakie,1
Markets,1
Jutul,1
ComputerAdaptiveTesting,1
Brillouin,1
TulipaEnergyModel,1
CatViews,1
Abaco,1
CMake_jll,1
GMT,1
GeometryOptimization,1
SnowyOwl,1
GridInterpolations,1
XicTools_jll,1
PokerHandEvaluator,1
BufferedStreams,1
PrettyPrinting,1
Decimals,1
EnergySamplers,1
ToolipsUDP,1
MathOptAI,1
NFFTTools,1
NDTools,1
OptimalTransport,1
ControllerFormats,1
VoronoiGraph,1
RegularizationTools,1
JuAFEM,1
D3Trees,1
ArviZ,1
DSSP_jll,1
BraketSimulator,1
FlameGraphs,1
ExceptionUnwrapping,1
PseudoBooleanOptimization,1
CropRootBox,1
SelfOrganizingMaps,1
CountFlops,1
DAQP,1
StrategicGames,1
ActorInterfaces,1
Muon,1
HTMLTables,1
CompoundPeriods,1
Cosmology,1
AzStorage_jll,1
SwagUI,1
BijectiveHilbert,1
STRIDE_jll,1
WellKnownGeometry,1
SearchLightPostgreSQL,1
Zstd_jll,1
ROCmDeviceLibs_jll,1
PredictMDAPI,1
STAC,1
GibbsSeaWater,1
OptimizationPolyalgorithms,1
PyTorchNormalizingFlows,1
ChemicalIdentifiers,1
ProjectiveVectors,1
CyclotomicNumbers,1
HydroModels,1
wannier90_jll,1
PrincipalMomentAnalysis,1
Gaugefields,1
ClimaAtmos,1
PolygonInbounds,1
Autocorrelations,1
Vega,1
Tokenize,1
AtomsIOPython,1
LITS,1
GeophysicalModelGenerator,1
JsonGrinder,1
StatsDiscretizations,1
SwitchOnSafety,1
MIMEs,1
OperatorFlux,1
GNNGraphs,1
BayesianLinearRegression,1
McCormick,1
Diversity,1
ForeignCallbacks,1
RadeonProRender,1
SPIRV_LLVM_Translator_unified_jll,1
TSVD,1
QCDNUM,1
IntervalRootFinding,1
DifferentiableMetabolism,1
CommonDataModel,1
SigmaProofs,1
StackViews,1
PDMatsSingular,1
ITensorGLMakie,1
FileCmp,1
FacilityLocationProblems,1
MovingBoundaryProblems1D,1
ASL_jll,1
HSL_jll,1
ContinuousWavelets,1
MechanismGeometries,1
Tidier,1
GLFixedEffectModels,1
GaussianRandomFields,1
IntervalLapper,1
bsdiff_classic_jll,1
NFFT3,1
PhysicalTrees,1
Knapsacks,1
SimpleCrop,1
VideoIO,1
GeoArrow,1
KeyedFrames,1
Cassette,1
SmartAsserts,1
Libxc_jll,1
ViscousFlow,1
NumberIntervals,1
Transformers,1
Rfam,1
Multiplexers,1
WiltonInts84,1
MemoryViews,1
Pfam,1
ClimaAnalysis,1
SpaceIndices,1
Umlaut,1
HelpPlots,1
Hecke,1
Carlo,1
PETSc,1
ITensorNumericalAnalysis,1
TreeTools,1
PlutoPlotly,1
DataTypesBasic,1
XGBoost,1
Geant4,1
EnergyCommunity,1
CoherentNoise,1
Mux,1
NonconvexNLopt,1
CurveFit,1
ITensorVisualizationBase,1
Altro,1
Neighborhood,1
TensorTrains,1
ODEConvergenceTester,1
SpatialBoundaries,1
DrakeVisualizer,1
SphereSurfaceHistogram,1
SnpArrays,1
LibSSH,1
PseudoPotentialIO,1
GTPSA,1
PredictMDExtra,1
CRlibm,1
MixedSubdivisions,1
FFTViews,1
PsychometricsBazaarBase,1
SequentialSamplingModels,1
UnitfulLatexify,1
Schemata,1
XAMAuxData,1
OptimizationBase,1
InfinitesimalGenerators,1
Wilsonloop,1
Sparspak,1
IPyCells,1
UnitfulAssets,1
FTPServer,1
QueryOperators,1
BioGenerics,1
oneAPI_Support_jll,1
FLANN,1
HCIDatasets,1
Molly,1
LibArchive_jll,1
HerbSearch,1
CategoricalDistributions,1
BasicBSpline,1
ToolipsServables,1
PkgTemplates,1
PRIMA,1
CountDownLatches,1
TMLE,1
Comrade,1
PSRClassesInterface,1
TidierDB,1
Permutations,1
MzXML,1
CTParser,1
ReportMetrics,1
BenchmarkFreeFermions,1
RelocatableFolders,1
CloudQSim,1
Hyperscript,1
Deldir,1
GeoStats,1
Xpress,1
ArgTools,1
Foresight,1
SDPA,1
Measures,1
Malt,1
TCXReader,1
PyQDecoders,1
GeoStatsTransforms,1
SIMDMathFunctions,1
SDPLR,1
DojoEnvironments,1
Tyler,1
ActuaryUtilities,1
AztecDiamonds,1
UnfoldMixedModels,1
BoundaryValueDiffEqMIRK,1
Typstry,1
Oscar,1
pandoc_jll,1
PolynomialTestSystems,1
HAPIClient,1
BloqadeExpr,1
SPIRV_Tools_jll,1
MakieExtra,1
DydxV3,1
Scalpels,1
GtkReactive,1
QuartoNotebookRunner,1
VLBIData,1
SQLCollections,1
RBNF,1
AdaptiveRegularization,1
BSDiff,1
OMETIFF,1
TreeWidthSolver,1
NaiveGAflux,1
OpenAPI,1
YaoAPI,1
CrystalInfoContainers,1
ManualNLPModels,1
PALEOcopse,1
lib4ti2_jll,1
TikzGraphs,1
JudiLing,1
ChirpSignal,1
FinanceModels,1
RiskMeasures,1
ExaAdmm,1
DifferencesBase,1
LookingGlass,1
ClusterDepth,1
XCB,1
BlackBoxOptim,1
GeometricSolutions,1
NodeJS_18_jll,1
Chmy,1
Microbiome,1
ExpectationMaximization,1
AstroRFC,1
PolyBranch,1
Mice,1
KM3NeTTestData,1
ASE,1
KinematicCoordinateTransformations,1
PencilFFTs,1
ParallelProcessingTools,1
Spec,1
SnoopCompileCore,1
PolyChaos,1
SARSOP_jll,1
POMDPXFiles,1
RDKitMinimalLib,1
SphericalScattering,1
IntervalLinearAlgebra,1
MCTS,1
NetworkOptions,1
JSONWebTokens,1
BioSymbols,1
Persa,1
OptimizationCMAEvolutionStrategy,1
MolecularGraph,1
HybridArrays,1
TaijaParallel,1
PlanetaryEphemeris,1
JuliaBUGS,1
PlantGeom,1
MIToS,1
LorentzVectors,1
WebP,1
ClassImbalance,1
SPIRV_LLVM_Backend_jll,1
Forecast,1
MPSKitModels,1
Meshing,1
TuringPatterns,1
SimpleValueGraphs,1
ImageMagick_jll,1
Jedis,1
GrundmannMoeller,1
Econometrics,1
LibCURL,1
Joysticks,1
LogDensityTestSuite,1
Loraine,1
LegendHDF5IO,1
OpticSim,1
EvoLinear,1
ExtXYZ,1
BloqadeLattices,1
OMEinsumContractionOrders,1
HDF5_jll,1
MetadataArrays,1
Reactive,1
proxTV_jll,1
MosaicViews,1
RediSearch,1
BifurcationKit,1
Copulas,1
MPICH_jll,1
PartiallySeparableNLPModels,1
PartitionedLS,1
QPGreen,1
QuantumControlBase,1
QuantumCumulants,1
KinematicDriver,1
Orbits,1
ONNXNaiveNASflux,1
StaticRanges,1
DCAUtils,1
bsdiff_endsley_jll,1
OHDSICohortExpressions,1
ZMQ,1
SuiteSparse_jll,1
InstantFrame,1
JobQueueMPI,1
MshReader,1
diffutils_jll,1
RegistryTools,1
DynamicSampling,1
Entropies,1
InteractiveBrokers,1
tectonic_jll,1
Muscade,1
GraphQLParser,1
OpenFHE,1
MatrixEquations,1
EcologicalNetworks,1
StateCharts,1
ParallelUtilities,1
MKL_jll,1
PseudoPotentialData,1
MLJGaussianProcesses,1
libigc_jll,1
DrWatson,1
AlgebraicRewriting,1
IterableTables,1
DataTables,1
ARFFFiles,1
PeriodicHiddenMarkovModels,1
OutlierDetectionPython,1
SensitivityAnalysis,1
ONNX,1
BioStockholm,1
QML,1
SwiftShader_jll,1
TimespanLogging,1
GaloisFields,1
JointEnergyModels,1
FastClosures,1
Wigxjpf,1
Toposes,1
MultiData,1
DOI2BibTeX,1
Taro,1
AlgebraicInterfaces,1
TaylorDiff,1
VariantCallFormat,1
FastLapackInterface,1
StanLogDensityProblems,1
AstroIC,1
LDPCDecoders,1
ShellStructureTopo,1
MetidaBase,1
Parquet,1
PhysicalParticles,1
Grassmann,1
DiffEqSensitivity,1
AppleAccelerate,1
Thinkers,1
FastLevenbergMarquardt,1
PackageExtensionCompat,1
MariaDB_Connector_ODBC_jll,1
Evolutionary,1
Alexya,1
ExTinyMD,1
Octonions,1
TidierDates,1
RandomMatrices,1
DataToolkitBase,1
AbstractPlutoDingetjes,1
LibPSF,1
BcdiSimulate,1
SeisProcessing,1
ZarrDatasets,1
SMCExamples,1
RockSample,1
NativeSARSOP,1
LuxurySparse,1
PortAudio,1
TicraUtilities,1
ChaoticDynamicalSystemLibrary,1
TidierStrings,1
Arpack_jll,1
SIIP2Marmot,1
Pixell,1
JustPIC,1
ViennaRNA,1
HiddenMarkovModels,1
VoronoiCells,1
SimulationBasedInference,1
Toolips,1
AprilTags,1
UMAP,1
FlashRank,1
SoleModels,1
OpenSSLGroups,1
MomentOpt,1
StandardizedPredictors,1
NestedSamplers,1
RvSpectML,1
SolidStateDetectors,1
FieldMetadata,1
YoungTableaux,1
Qt65Compat_jll,1
Results,1
HostCPUFeatures,1
TreeKnit,1
UnitfulLinearAlgebra,1
P4est,1
Ewalder,1
OpenSSH_jll,1
NonconvexTOBS,1
ObjectFile,1
LSODA,1
NeXLMatrixCorrection,1
Fenrir,1
HybridSystemsSimulations,1
BenchmarkConfigSweeps,1
FTPClient,1
ShuffleProofs,1
LearnBase,1
ModiaBase,1
Ducc0,1
DTables,1
MLJTSVDInterface,1
MultiChannelColors,1
Quantics,1
MortalityTables,1
squashfs_tools_jll,1
BlockmodelUtils,1
GaussianMixtures,1
DynamicAxisWarping,1
OutlierDetectionNeighbors,1
GeoParquet,1
MarketTechnicals,1
SortingAlgorithms,1
BesselK,1
WaveFD,1
MadNLPGPU,1
PosteriorStats,1
ObjectiveC,1
Blosc,1
